week,Austria,Bélgica,Bulgaria,Croacia,Chipre,República Checa,Dinamarca,Estonia,Finlandia,Francia,Alemania,Grecia,Hungría,Irlanda,Italia,Letonia,Lituania,Luxemburgo,Países Bajos,Polonia,Portugal,Rumanía,Eslovaquia,Eslovenia,España,Suecia,Reino Unido
2018-01-01,1205,1349,1043,1305,1224,1193,1547,1237,1456,1408,1378,1534,1155,1389,1555,1187,1160,1180,1576,1127,1510,1109,1305,1289,1243,1495,1355
2018-01-08,1205,1362,1044,1314,1232,1191,1534,1245,1465,1468,1376,1540,1170,1389,1562,1219,1171,1180,1581,1130,1523,1139,1304,1291,1249,1501,1363
2018-01-15,1207,1366,1044,1308,1233,1197,1533,1313,1475,1475,1352,1544,1176,1399,1567,1225,1166,1197,1600,1136,1534,1151,1318,1301,1254,1503,1358
2018-01-22,1205,1351,1044,1315,1231,1206,1534,1309,1445,1476,1356,1549,1183,1399,1571,1230,1175,1197,1590,1133,1517,1145,1330,1304,1255,1504,1379
2018-01-29,1209,1363,1048,1316,1231,1214,1548,1333,1461,1478,1371,1550,1184,1389,1573,1230,1171,1197,1602,1133,1517,1153,1329,1308,1256,1521,1384
2018-02-05,1210,1369,1056,1325,1236,1220,1534,1331,1458,1479,1371,1549,1189,1389,1573,1233,1173,1197,1594,1125,1516,1155,1341,1311,1257,1513,1374
2018-02-12,1198,1363,1059,1310,1238,1212,1520,1306,1456,1477,1355,1550,1170,1389,1570,1231,1172,1172,1572,1114,1505,1132,1324,1319,1248,1466,1372
2018-02-19,1195,1330,1049,1289,1231,1206,1497,1278,1452,1461,1339,1550,1138,1389,1553,1229,1160,1145,1548,1112,1486,1111,1294,1309,1228,1438,1360
2018-02-26,1181,1374,1045,1265,1229,1199,1497,1282,1449,1454,1340,1550,1126,1379,1547,1231,1162,1145,1554,1109,1466,1112,1292,1301,1224,1440,1361
2018-03-05,1180,1334,1042,1279,1222,1197,1497,1281,1458,1457,1340,1528,1144,1389,1549,1237,1157,1162,1555,1098,1463,1118,1309,1289,1227,1422,1339
2018-03-12,1162,1278,1040,1283,1219,1194,1483,1289,1442,1453,1326,1525,1151,1369,1547,1233,1152,1142,1534,1091,1460,1112,1297,1273,1222,1427,1345
2018-03-19,1161,1319,1041,1279,1219,1192,1510,1290,1437,1447,1325,1524,1145,1359,1544,1232,1167,1142,1531,1091,1457,1116,1293,1276,1221,1440,1360
2018-03-26,1175,1327,1040,1288,1218,1191,1551,1290,1446,1465,1318,1533,1151,1369,1547,1221,1161,1142,1550,1113,1491,1137,1312,1281,1237,1425,1367
2018-04-09,1205,1393,1043,1322,1227,1207,1551,1332,1467,1481,1366,1533,1180,1379,1556,1230,1170,1142,1596,1120,1509,1147,1355,1300,1253,1466,1377
2018-04-16,1217,1395,1047,1317,1237,1217,1564,1332,1472,1484,1383,1557,1186,1389,1563,1230,1164,1194,1616,1153,1514,1162,1338,1306,1261,1462,1394
2018-04-23,1225,1384,1054,1334,1244,1216,1578,1277,1477,1491,1394,1564,1188,1399,1573,1232,1167,1194,1620,1153,1521,1166,1321,1312,1269,1482,1386
2018-04-30,1242,1409,1063,1339,1249,1216,1577,1342,1499,1501,1412,1575,1201,1399,1585,1241,1181,1212,1639,1155,1540,1174,1354,1317,1279,1477,1389
2018-05-07,1250,1440,1078,1361,1276,1230,1604,1333,1526,1504,1412,1587,1207,1399,1593,1242,1200,1235,1639,1157,1547,1183,1367,1330,1286,1493,1401
2018-05-14,1267,1404,1088,1370,1281,1242,1644,1360,1512,1520,1441,1601,1212,1429,1606,1250,1237,1258,1665,1187,1564,1206,1369,1338,1302,1533,1409
2018-05-21,1285,1457,1103,1397,1290,1251,1672,1354,1564,1543,1474,1624,1234,1429,1623,1267,1249,1258,1688,1179,1578,1239,1393,1351,1323,1559,1437
2018-05-28,1311,1455,1115,1412,1325,1278,1672,1365,1579,1564,1475,1647,1250,1469,1642,1299,1264,1282,1689,1194,1601,1243,1417,1352,1335,1552,1459
2018-06-04,1308,1490,1124,1431,1331,1291,1659,1381,1585,1561,1472,1654,1253,1459,1649,1300,1262,1267,1680,1197,1599,1252,1438,1352,1337,1554,1465
2018-06-11,1295,1411,1132,1421,1331,1294,1644,1375,1583,1549,1459,1654,1231,1489,1648,1314,1257,1267,1664,1193,1583,1247,1417,1358,1333,1537,1458
2018-06-18,1294,1443,1138,1404,1328,1287,1631,1350,1568,1547,1454,1642,1220,1449,1645,1313,1252,1267,1658,1176,1577,1222,1396,1364,1328,1521,1459
2018-06-25,1281,1438,1137,1396,1320,1272,1617,1320,1563,1539,1444,1635,1211,1499,1637,1309,1254,1257,1650,1158,1573,1219,1397,1355,1320,1515,1445
2018-07-02,1288,1489,1133,1392,1315,1268,1644,1373,1541,1534,1462,1633,1195,1449,1632,1307,1251,1257,1667,1143,1574,1227,1396,1344,1318,1521,1427
2018-07-09,1292,1433,1133,1401,1312,1282,1644,1365,1566,1532,1458,1643,1253,1439,1633,1308,1263,1274,1666,1174,1579,1234,1414,1344,1326,1545,1437
2018-07-16,1287,1444,1134,1408,1322,1280,1643,1339,1533,1542,1455,1645,1252,1479,1632,1306,1256,1261,1658,1189,1581,1229,1397,1345,1326,1531,1444
2018-07-23,1280,1407,1134,1404,1321,1276,1658,1370,1552,1532,1451,1639,1210,1439,1629,1306,1256,1242,1649,1179,1527,1221,1384,1347,1318,1529,1430
2018-07-30,1283,1428,1133,1381,1315,1285,1658,1351,1552,1525,1466,1637,1235,1459,1628,1306,1234,1263,1676,1189,1585,1223,1375,1354,1319,1571,1432
2018-08-06,1289,1449,1137,1406,1317,1289,1668,1380,1583,1545,1475,1643,1257,1479,1629,1298,1254,1278,1688,1191,1597,1229,1400,1351,1325,1563,1434
2018-08-13,1294,1439,1139,1400,1318,1288,1654,1368,1554,1547,1479,1644,1238,1459,1629,1299,1241,1278,1679,1183,1596,1228,1415,1343,1327,1546,1437
2018-08-20,1298,1433,1139,1397,1318,1286,1653,1375,1584,1545,1481,1644,1240,1459,1628,1297,1253,1278,1682,1180,1592,1229,1413,1346,1328,1530,1439
2018-08-27,1297,1470,1139,1395,1318,1284,1653,1343,1581,1547,1490,1643,1233,1459,1629,1295,1262,1278,1688,1194,1595,1236,1415,1352,1329,1537,1430
2018-09-03,1310,1455,1141,1404,1318,1290,1668,1343,1550,1544,1499,1643,1237,1459,1634,1297,1272,1278,1687,1189,1606,1245,1434,1352,1336,1551,1439
2018-09-10,1316,1526,1143,1412,1323,1297,1653,1320,1583,1562,1511,1647,1248,1459,1643,1301,1275,1278,1681,1182,1604,1256,1443,1352,1341,1553,1458
2018-09-17,1324,1450,1147,1406,1326,1307,1653,1372,1590,1558,1519,1646,1238,1469,1643,1304,1263,1278,1681,1192,1596,1252,1421,1354,1338,1534,1469
2018-09-24,1327,1449,1151,1398,1323,1299,1653,1372,1557,1552,1512,1641,1236,1459,1642,1304,1260,1278,1677,1188,1587,1246,1409,1359,1332,1534,1460
2018-10-01,1328,1420,1151,1393,1317,1292,1654,1378,1567,1552,1510,1640,1228,1459,1644,1304,1268,1278,1686,1194,1587,1245,1408,1354,1335,1531,1459
2018-10-08,1334,1477,1155,1412,1321,1298,1682,1380,1603,1573,1528,1660,1252,1499,1658,1312,1280,1292,1691,1181,1605,1244,1408,1346,1351,1548,1479
2018-10-15,1336,1418,1170,1440,1341,1299,1628,1397,1562,1574,1513,1667,1257,1499,1665,1323,1282,1278,1667,1191,1598,1239,1424,1357,1357,1529,1486
2018-10-22,1331,1428,1184,1414,1335,1294,1615,1376,1567,1555,1521,1658,1222,1499,1661,1323,1275,1238,1642,1190,1574,1228,1394,1377,1344,1517,1481
2018-10-29,1325,1428,1197,1384,1324,1293,1602,1394,1591,1537,1547,1642,1211,1479,1656,1324,1267,1238,1642,1177,1562,1221,1391,1364,1340,1497,1471
2018-11-05,1329,1454,1187,1373,1313,1289,1613,1381,1551,1535,1555,1631,1215,1499,1649,1322,1242,1219,1625,1180,1553,1205,1391,1350,1335,1492,1486
2018-11-12,1317,1410,1155,1358,1301,1278,1572,1350,1560,1477,1556,1605,1183,1499,1637,1320,1243,1219,1592,1180,1532,1180,1355,1338,1316,1462,1472
2018-11-19,1313,1362,1097,1321,1273,,1558,1327,1537,1459,1540,1583,1162,1499,1619,1269,1212,1202,1575,1164,1511,1160,1334,1321,1296,1449,1433
2018-11-26,1310,1330,1058,1302,1269,,1505,1295,1518,1453,1509,1554,1131,1499,1596,1269,1195,1154,1559,1165,1481,1133,1308,1301,1272,1430,1422
2018-12-03,1282,1331,1033,1278,1244,,1477,1260,1484,1430,1485,1530,1097,1479,1565,1244,1147,1137,1538,1147,1448,1108,1267,1272,1242,1398,1394
2018-12-10,1242,1304,1006,1265,1208,,1503,1260,1472,1435,1460,1518,1090,1429,1534,1225,1136,1137,1522,1132,1435,1097,1260,1251,1224,1389,1356
2018-12-17,1212,1326,1001,1258,1207,,1503,1260,1484,1432,1425,1510,1089,1399,1520,1211,1119,1137,1516,1128,1435,1090,1257,1228,1212,1410,
2019-01-07,1172,1293,979,1217,1090,,1493,1240,1419,1407,1352,1475,1067,1349,1486,1191,1092,1112,1519,1115,1403,1066,1233,1212,1180,1416,1341
2019-01-14,1169,1272,976,1230,1081,,1507,1210,1440,1421,1353,1481,1066,1339,1483,1174,1104,1112,1556,1109,1418,1093,1228,1188,1197,1417,1339
2019-01-21,1168,1303,975,1250,1082,,1507,1255,1439,1432,1338,1488,1091,1319,1492,1172,1103,1134,1562,1109,1411,1066,1250,1190,1213,1434,1349
2019-01-28,1169,1284,994,1254,1093,,1507,1258,1438,1435,1330,1491,1092,1319,1495,1173,1098,1134,1566,1118,1413,1055,1249,1197,1222,1414,1373
2019-02-04,1160,1310,983,1260,1106,,1504,1280,1412,1435,1332,1490,1081,1329,1499,1171,1103,1117,1555,1119,1412,1089,1236,1202,1226,1414,1359
2019-02-11,1167,1304,993,1259,1107,,1505,1249,1433,1434,1328,1492,1084,1349,1508,1171,1093,1138,1562,1110,1415,1101,1237,1213,1231,1405,1358
2019-02-18,1178,1313,1002,1266,1109,,1545,1263,1447,1441,1348,1506,1101,1328,1518,1179,1103,1138,1589,1095,1426,1109,1249,1210,1236,1443,1359
2019-02-25,1197,1329,1012,1284,1126,,1552,1298,1427,1459,1336,1531,1136,1349,1535,1190,1122,1165,1609,1086,1452,1119,1269,1209,1253,1438,1373
2019-03-04,1189,1327,1031,1312,1142,,1552,1303,1473,1470,1352,1539,1150,1349,1542,1199,1127,1165,1598,1094,1455,1137,1292,1226,1258,1432,1396
2019-03-11,1202,1346,1036,1312,1149,,1566,1309,1474,1475,1359,1548,1150,1359,1549,1206,1136,1165,1609,1112,1458,1136,1294,1249,1261,1444,1393
2019-03-18,1207,1371,1041,1330,1159,,1579,1284,1475,1485,1346,1563,1166,1359,1554,1209,1144,1177,1622,1110,1471,1149,1296,1257,1268,1461,1406
2019-03-25,1204,1395,1058,1347,1177,,1618,1331,1476,1496,1382,1572,1165,1359,1563,1217,1162,1177,1633,1133,1486,1161,1301,1270,1278,1510,1411
2019-04-01,1224,1384,1064,1351,1182,,1618,1313,1500,1525,1407,1590,1177,1369,1574,1237,1182,1219,1665,1158,1504,1169,1322,1280,1291,1522,1421
2019-04-08,1244,1421,1065,1369,1191,,1658,1386,1537,1546,1430,1611,1223,1389,1589,1254,1196,1237,1688,1179,1526,1188,1344,1297,1308,1551,1424
2019-04-15,1271,1419,1134,1389,1210,,1672,1415,1560,1565,1461,1630,1237,1399,1605,1282,1223,1260,1714,1209,1546,1201,1369,1309,1330,1569,1437
2019-04-29,1292,1479,1098,1406,1231,,1699,1425,1592,1580,1495,1648,1244,1431,1626,1305,1241,1285,1727,1212,1564,1217,1389,1336,1354,1572,1464
2019-05-06,1288,1558,1111,1422,1238,,1685,1425,1590,1580,1509,1651,1258,1442,1628,1313,1252,1285,1722,1217,1573,1223,1411,1356,1358,1560,1492
2019-05-13,1296,1477,1123,1409,1255,,1671,1385,1585,1581,1508,1645,1249,1439,1626,1322,1256,1285,1709,1212,1563,1220,1404,1355,1355,1528,1482
2019-05-20,1306,1439,1134,1383,1243,,1701,1414,1604,1580,1533,1641,1237,1442,1624,1322,1275,1285,1736,1220,1571,1219,1405,1359,1355,1574,1467
2019-05-27,1313,1496,1136,1397,1245,,1700,1426,1603,1594,1539,1645,1268,1447,1631,1323,1272,1287,1733,1227,1581,1218,1428,1348,1357,1564,1464
2019-06-03,1267,1425,1126,1379,1242,,1607,1377,1583,1543,1496,1611,1230,1446,1606,1319,1257,1249,1677,1232,1524,1186,1368,1337,1325,1507,1444
2019-06-10,1267,1425,1126,1379,1242,,1607,1377,1583,1543,1496,1611,1230,1446,1606,1319,1257,1249,1677,1232,1524,1186,1368,1337,1325,1507,1444
2019-06-17,1263,1379,1116,1336,1201,,1607,1357,1569,1515,1485,1601,1190,1442,1596,1312,1250,1203,1651,1225,1492,1178,1344,1337,1307,1503,1431
2019-06-24,1246,1416,1109,1344,1190,,1607,1321,1553,1508,1481,1594,1162,1439,1590,1280,1227,1203,1634,1218,1488,1165,1324,1312,1302,1507,1417
2019-07-01,1254,1395,1108,1345,1189,,1634,1344,1537,1510,1474,1599,1183,1436,1589,1279,1237,1224,1658,1218,1497,1166,1329,1283,1308,1511,1410
2019-07-08,1269,1420,1113,1365,1195,,1635,1352,1556,1492,1460,1605,1199,1419,1590,1278,1224,1224,1659,1212,1506,1170,1351,1286,1312,1508,1415
2019-07-15,1274,1432,1111,1372,1200,,1661,1361,1561,1521,1478,1623,1205,1415,1597,1276,1230,1243,1690,1209,1521,1182,1350,1296,1321,1523,1415
2019-07-22,1266,1445,1115,1405,1222,,1621,1362,1548,1531,1436,1629,1229,1402,1600,1279,1231,1262,1681,1215,1525,1185,1366,1310,1330,1511,1421
2019-07-29,1263,1444,1113,1388,1223,,1647,1366,1575,1518,1450,1625,1203,1417,1592,1279,1230,1233,1671,1210,1516,1192,1365,1331,1328,1520,1416
2019-08-05,1266,1442,1113,1384,1221,,1648,1361,1568,1519,1451,1625,1212,1416,1592,1279,1237,1256,1681,1201,1520,1195,1367,1331,1331,1494,1397
2019-08-12,1247,1362,1111,1379,1224,,1594,1361,1544,1507,1423,1612,1202,1437,1580,1279,1235,1219,1649,1185,1505,1182,1341,1330,1322,1475,1386
2019-08-19,1237,1438,1109,1335,1220,,1596,1351,1552,1493,1420,1604,1165,1430,1572,1280,1234,1219,1643,1160,1489,1167,1326,1317,1313,1465,1399
2019-08-26,1239,1381,1107,1325,1196,,1596,1330,1542,1492,1409,1598,1144,1429,1569,1278,1234,1219,1642,1162,1487,1156,1321,1300,1309,1453,1412
2019-09-02,1233,1366,1105,1324,1186,,1596,1328,1509,1491,1402,1595,1151,1421,1566,1276,1238,1219,1634,1146,1482,1157,1321,1287,1307,1454,1408
2019-09-09,1246,1362,1100,1334,1180,,1609,1322,1518,1477,1404,1590,1154,1425,1565,1270,1230,1202,1634,1152,1480,1142,1334,1269,1302,1457,1431
2019-09-16,1245,1367,1100,1326,1178,,1580,1296,1524,1489,1403,1589,1148,1414,1571,1273,1222,1202,1638,1150,1477,1146,1322,1271,1304,1459,1434
2019-09-23,1269,1387,1105,1337,1186,,1673,1335,1566,1510,1416,1611,1160,1418,1590,1274,1241,1261,1676,1132,1502,1159,1321,1274,1318,1467,1435
2019-09-30,1244,1401,1109,1377,1198,,1673,1352,1545,1510,1408,1611,1174,1416,1592,1275,1237,1240,1655,1132,1500,1170,1334,1283,1321,1470,1433
2019-10-07,1248,1410,1111,1356,1203,,1607,1372,1537,1505,1408,1605,1171,1418,1586,1275,1217,1221,1658,1142,1493,1167,1328,1302,1314,1451,1423
2019-10-14,1239,1403,1108,1345,1197,,1580,1349,1527,1506,1402,1596,1171,1430,1579,1275,1215,1190,1637,1146,1487,1158,1321,1299,1308,1449,1442
2019-10-21,1232,1367,1107,1336,1190,,1606,1351,1538,1497,1389,1587,1151,1426,1574,1271,1211,1190,1635,1149,1475,1147,1315,1297,1302,1443,1471
2019-10-28,1233,1364,1108,1317,1179,,1593,1356,1521,1492,1385,1582,1158,1421,1572,1266,1211,1210,1645,1150,1474,1141,1316,1288,1297,1440,1457
2019-11-04,1233,1382,1107,1324,1178,,1593,1357,1512,1499,1393,1583,1161,1419,1572,1261,1210,1210,1651,1154,1482,1147,1315,1276,1297,1460,1454
2019-11-11,1244,1382,1109,1341,1178,,1606,1333,1529,1511,1398,1588,1157,1412,1574,1260,1213,1210,1668,1151,1497,1151,1317,1278,1300,1461,1465
2019-11-18,1238,1388,1109,1351,1189,,1619,1350,1524,1512,1395,1589,1154,1412,1574,1258,1211,1213,1652,1145,1495,1153,1324,1279,1298,1470,1472
2019-11-25,1239,1388,1105,1349,1186,,1606,1355,1537,1510,1401,1590,1154,1415,1577,1263,1211,1213,1663,1143,1487,1155,1326,1285,1299,1480,1465
2019-12-02,1243,1373,1105,1360,1186,,1620,1310,1518,1518,1401,1597,1180,1416,1581,1262,1210,1213,1663,1151,1490,1161,1326,1295,1306,1484,1465
2019-12-09,1246,1392,1105,1359,1189,,1615,1383,1535,1520,1387,1595,1164,1426,1580,1261,1207,1213,1655,1155,1485,1155,1324,1301,1305,1477,1482
2019-12-16,1228,1408,1106,1341,1186,,1629,1392,1532,1521,1371,1591,1167,1431,1578,1275,1209,1213,1667,1157,1481,1145,1324,1302,1303,1490,1491
2020-01-06,1238,1445,1108,1364,1178,,1668,1379,1564,1536,1419,1616,1208,1445,1590,1326,1241,1226,1716,1171,1534,1086,1341,1298,1320,1520,
2020-01-13,1243,1414,1110,1357,1183,,1641,1405,1567,1548,1400,1623,1190,1455,1593,1340,1248,1259,1714,1175,1535,1098,1340,1304,1326,1518,
2020-01-20,1233,1412,1109,1360,1196,,1628,1410,1558,1540,1401,1621,1173,1457,1587,1314,1246,1239,1697,1167,1530,1093,1329,1300,1321,1509,
2020-01-27,1225,1406,1109,1352,1201,,1615,1415,1530,1534,1393,1617,1169,1457,1587,1335,1245,1239,1684,1155,1522,1085,1326,1300,1317,1491,
2020-02-03,1212,1354,1107,1342,1205,,1588,1345,1535,1516,1397,1605,1145,1455,1570,1330,1233,1203,1669,1145,1510,1075,1313,1295,1307,1460,
2020-02-10,1201,1390,1107,1319,1206,,1561,1318,1517,1498,1396,1596,1135,1450,1554,1301,1222,1203,1662,1149,1497,1071,1291,1289,1298,1456,
2020-02-17,1196,1363,1105,1309,1204,,1575,1386,1597,1494,1402,1592,1135,1438,1547,1250,1216,1203,1660,1148,1500,1062,1288,1274,1296,1468,
2020-02-24,1211,1375,1102,1314,1201,,1602,1385,1599,1488,1413,1596,1139,1431,1545,1266,1217,1225,1682,1131,1508,1064,1286,1257,1299,1492,
2020-03-02,1184,1377,1099,1327,1200,,1548,1363,1502,1488,1373,1592,1142,1428,1540,1262,1211,1194,1651,1116,1497,1045,1294,1261,1293,1457,
2020-03-09,1071,1210,1059,1229,1171,,1391,1299,1424,1404,1303,1500,1017,1426,1496,1212,1140,1049,1551,1046,1397,981,1240,1245,1233,1330,
2020-03-16,1071,1210,1059,1229,1171,,1391,1299,1424,1404,1303,1500,1017,1426,1496,1212,1140,1049,1551,1046,1397,981,1240,1245,1233,1330,
2020-03-23,1085,1076,1013,1171,1061,,1325,1249,1462,1333,1264,1440,912,1311,1477,1180,1112,925,1548,946,1317,945,1203,1206,1176,1168,
2020-03-30,1083,1058,958,1125,1052,,1312,1248,1352,1304,1245,1407,840,1272,1456,1130,1087,925,1502,921,1260,936,1156,1118,1143,1167,
2020-04-06,1086,1095,910,1058,1028,,1272,1248,1332,1288,1234,1376,804,1252,1436,1046,1080,925,1477,901,1260,933,1136,1029,1122,1156,
2020-04-20,1043,1342,880,1048,1003,,1273,1199,1291,1262,1192,1347,819,1244,1411,986,1057,925,1469,885,1258,923,1105,1000,1108,1166,
2020-04-27,1035,1103,868,1052,998,,1260,1199,1287,1245,1170,1324,824,1240,1391,993,1030,891,1458,873,1245,906,1101,1000,1088,1155,
2020-05-04,1022,1145,843,1028,979,,1286,1147,1279,1229,1169,1311,822,1230,1374,988,999,891,1461,856,1237,875,1080,1001,1072,1162,
2020-05-11,1019,1155,822,1044,962,,1313,1146,1244,1230,1191,1317,870,1224,1362,974,977,980,1466,847,1260,875,1076,1001,1074,1204,
2020-05-18,992,1170,817,1086,967,,1328,1146,1287,1244,1199,1323,907,1219,1356,978,974,980,1483,870,1286,873,1074,1001,1078,1207,
2020-05-25,1006,1190,826,1090,960,,1354,1147,1263,1268,1216,1349,945,1213,1366,1008,986,1009,1507,898,1321,873,1076,1001,1089,1252,
2020-06-01,1011,1216,834,1135,960,,1354,1177,1303,1282,1222,1360,991,1212,1371,1060,995,1009,1510,928,1330,873,1094,1001,1094,1281,
2020-06-08,1021,1227,842,1159,1022,,1394,1194,1327,1312,1265,1388,997,1220,1377,1102,1010,1056,1535,937,1349,894,1114,1002,1119,1316,
2020-06-15,1021,1227,842,1159,1022,,1394,1194,1327,1312,1265,1388,997,1220,1377,1102,1010,1056,1535,937,1349,894,1114,1002,1119,1316,
2020-06-22,1035,1248,849,1173,1033,,1450,1194,1326,1318,1292,1403,1007,1229,1385,1102,1032,1080,1560,937,1365,905,1130,1003,1130,1349,
2020-06-29,1048,1245,857,1191,1066,,1423,1194,1360,1338,1297,1422,1016,1234,1399,1153,1055,1080,1565,941,1378,913,1090,1003,1145,1349,
2020-07-06,1046,1281,864,1206,1064,,1450,1194,1357,1329,1289,1425,1041,1236,1400,1126,1068,1086,1565,945,1385,920,1165,1003,1151,1366,
2020-07-13,1056,1306,873,1208,1064,,1465,1235,1378,1344,1300,1429,1047,1238,1403,1133,1082,1086,1569,954,1401,928,1174,1003,1160,1384,
2020-07-20,1059,1266,878,1219,1078,,1437,1255,1390,1348,1290,1430,1060,1257,1404,1149,1091,1086,1557,970,1400,935,1175,1002,1164,1376,
2020-07-27,1061,1296,883,1216,1074,,1452,1251,1398,1345,1300,1431,1074,1255,1403,1152,1094,1086,1561,988,1395,941,1174,1004,1164,1382,
2020-08-03,1059,1311,883,1221,1074,,1424,1253,1422,1327,1283,1428,1061,1257,1401,1107,1086,1086,1550,994,1391,927,1160,1004,1162,1359,
2020-08-10,1058,1303,891,1206,1073,,1451,1253,1439,1328,1283,1427,1051,1259,1397,1128,1088,1069,1558,998,1390,933,1156,1006,1159,1372,
2020-08-17,1062,1308,893,1206,1072,,1470,1253,1429,1331,1287,1430,1067,1268,1398,1122,1086,1069,1572,1012,1391,933,1157,1007,1163,1372,
2020-08-24,1061,1312,893,1219,1073,,1484,1253,1438,1335,1289,1431,1061,1261,1399,1136,1085,1093,1569,1015,1394,915,1157,1006,1166,1366,
2020-08-31,1074,1320,893,1223,1071,,1484,1253,1442,1332,1297,1433,1068,1259,1400,1148,1095,1106,1577,1018,1399,921,1156,1005,1171,1374,
2020-09-07,1070,1348,896,1232,1071,,1471,1253,1442,1332,1290,1432,1038,1252,1398,1145,1091,1106,1572,1011,1400,918,1156,1003,1169,1366,
2020-09-14,1066,1323,895,1218,1084,,1471,1253,1431,1333,1283,1427,1044,1253,1392,1141,1086,1091,1558,1007,1388,912,1147,1003,1162,1343,
2020-09-21,1065,1288,893,1210,1083,,1498,1253,1426,1326,1289,1423,1022,1251,1388,1135,1083,1112,1568,1000,1384,910,1145,1002,1162,1369,
2020-09-28,1063,1316,892,1220,1079,,1470,1253,1435,1328,1284,1423,1027,1247,1389,1128,1080,1099,1561,985,1382,908,1145,1003,1162,1344,
2020-10-05,1066,1296,893,1211,1076,,1471,1229,1427,1330,1289,1424,1045,1239,1388,1120,1074,1099,1566,994,1383,913,1164,1001,1162,1355,
2020-10-12,1065,1290,896,1207,1075,,1484,1229,1435,1336,1293,1423,1048,1238,1388,1119,1078,1099,1574,990,1391,934,1175,1001,1162,1370,
2020-10-19,1059,1305,897,1208,1074,,1458,1229,1435,1340,1281,1422,1011,1251,1389,1123,1073,1082,1565,971,1394,934,1178,1001,1161,1362,
2020-10-26,1052,1296,898,1197,1074,,1444,1229,1409,1324,1266,1419,1005,1249,1387,1127,1069,1061,1547,969,1386,937,1178,998,1154,1338,
2020-11-02,1048,1265,899,1187,1075,,1403,1229,1425,1328,1238,1412,978,1250,1383,1122,1063,1042,1520,963,1374,923,1167,989,1145,1302,
2020-11-09,1041,1235,896,1160,1073,,1403,1229,1377,1319,1237,1408,987,1255,1378,1114,1076,1042,1512,987,1365,920,1164,969,1142,1324,
2020-11-16,1041,1240,895,1164,1067,,1429,1229,1380,1323,1261,1414,996,1253,1385,1111,1068,1060,1529,991,1377,931,1163,954,1151,1334,
2020-11-23,1063,1265,894,1186,1064,,1416,1229,1391,1329,1263,1415,995,1255,1393,1107,1074,1060,1528,996,1380,948,1164,965,1156,1367,
2020-11-30,1061,1267,894,1181,1064,,1444,1229,1384,1338,1272,1420,1009,1255,1403,1113,1076,1060,1546,1006,1389,947,1164,974,1166,1383,
2020-12-07,1073,1262,894,1203,1064,,1457,1229,1390,1345,1267,1423,1019,1263,1409,1126,1077,1060,1544,1009,1394,951,1178,982,1170,1385,
2020-12-14,1072,1281,894,1208,1066,,1471,1244,1400,1350,1257,1427,1037,1266,1412,1143,1088,1071,1554,1030,1399,999,1179,997,1175,1382,
2020-12-21,1072,1301,896,1214,1067,,1458,1244,1419,1357,1281,1432,1022,1275,1427,1155,1095,1071,1561,1010,1405,974,1194,1002,1184,1388,
2021-01-11,1093,1265,907,1219,1073,,1503,1244,1456,1389,1392,1446,1042,1301,1450,1168,1100,1129,1612,1024,1436,997,1199,1021,1199,1432,
2021-01-18,1119,1295,917,1241,1076,,1516,1274,1507,1417,1406,1469,1079,1316,1465,1183,1114,1176,1632,1035,1455,1009,1218,1032,1215,1440,
2021-01-25,1128,1314,917,1266,1080,,1516,1277,1521,1425,1408,1479,1097,1318,1476,1198,1116,1176,1627,1037,1460,1022,1238,1057,1224,1448,
2021-02-01,1125,1307,937,1268,1085,,1516,1277,1518,1425,1409,1483,1101,1332,1479,1206,1116,1176,1635,1046,1463,1022,1253,1074,1227,1433,
2021-02-08,1143,1338,943,1269,1090,,1543,1277,1521,1434,1425,1499,1099,1333,1488,1224,1136,1198,1667,1054,1478,1035,1276,1075,1238,1476,
2021-02-15,1150,1345,954,1288,1102,,1543,1317,1533,1445,1429,1520,1124,1337,1500,1246,1151,1198,1674,1065,1492,1055,1273,1086,1251,1496,
2021-02-22,1166,1355,954,1301,1112,,1570,1317,1536,1465,1463,1539,1127,1357,1518,1256,1166,1222,1697,1084,1508,1072,1292,1102,1268,1504,
2021-03-01,1181,1360,954,1322,1137,,1584,1357,1552,1480,1486,1559,1140,1372,1536,1262,1192,1238,1709,1099,1527,1085,1312,1119,1282,1509,
2021-03-08,1196,1406,954,1340,1144,,1609,1346,1562,1490,1506,1572,1150,1395,1549,1267,1201,1254,1721,1090,1543,1091,1333,1142,1293,1537,
2021-03-15,1216,1437,954,1349,1154,,1636,1346,1595,1509,1524,1593,1179,1431,1566,1274,1227,1277,1747,1121,1560,1107,1334,1157,1311,1557,
2021-03-22,1209,1427,1019,1377,1171,,1623,1381,1616,1521,1508,1601,1189,1449,1578,1276,1226,1277,1737,1133,1565,1118,1334,1174,1321,1533,
2021-03-29,1214,1412,1021,1368,1165,,1623,1375,1615,1512,1513,1600,1186,1456,1575,1277,1222,1251,1727,1129,1563,1099,1335,1183,1317,1523,
2021-04-12,1218,1405,1028,1368,1184,,1622,1375,1635,1514,1517,1600,1191,1464,1573,1288,1212,1276,1735,1169,1574,1109,1353,1170,1315,1536,
2021-04-19,1225,1414,1032,1357,1188,,1636,1375,1620,1516,1526,1600,1167,1460,1574,1288,1216,1280,1752,1164,1576,1121,1353,1172,1319,1566,
2021-04-26,1232,1420,1031,1370,1209,,1636,1375,1624,1520,1522,1600,1169,1461,1577,1287,1217,1280,1763,1162,1587,1116,1353,1172,1326,1547,
2021-05-03,,1447,1033,1373,1212,,1650,1380,1628,1530,1526,1609,1207,1464,1587,1293,1232,1302,1779,1160,1600,1127,1354,1176,1344,1572,
2021-05-17,1246,1495,1033,1399,1226,,1650,1365,1632,1523,1538,1613,1221,1470,1593,1300,1234,1302,1781,1165,1605,1127,1356,1190,1350,1564,
2021-05-24,1243,1478,1039,1392,1228,,1636,1393,1629,1523,1541,1612,1244,1475,1592,1305,1236,1285,1769,1182,1598,1124,1355,1201,1350,1544,
2021-05-31,1245,1443,1039,1379,1228,,1649,1389,1632,1520,1548,1610,1218,1481,1590,1304,1233,1285,1767,1180,1600,1123,1356,1193,1351,1567,
2021-06-07,1250,1435,1039,1385,1230,,1663,1389,1616,1528,1549,1613,1231,1483,1599,1304,1244,1301,1786,1187,1614,1145,1355,1188,1358,1583,
2021-06-14,1253,1461,1044,1401,1240,,1676,1415,1625,1531,1556,1618,1220,1482,1605,1306,1249,1301,1785,1183,1620,1144,1356,1197,1367,1593,
2021-06-21,1267,1481,1044,1406,1247,,1648,1415,1638,1536,1564,1629,1222,1486,1614,1316,1258,1318,1800,1190,1631,1153,1364,1207,1374,1587,
2021-06-28,1278,1498,1062,1418,1258,,1675,1426,1649,1548,1587,1649,1250,1495,1624,1319,1267,1337,1815,1228,1652,1160,1374,1217,1383,1622,
2021-07-05,1283,1498,1074,1443,1273,,1689,1426,1663,1565,1594,1662,1257,1516,1634,1335,1271,1337,1828,1237,1665,1160,1395,1234,1391,1651,
2021-07-12,1307,1491,1074,1452,1283,,1688,1462,1698,1568,1603,1674,1258,1532,1649,1333,1286,1354,1836,1231,1671,1181,1414,1250,1400,1621,
2021-07-19,1312,1492,1099,1456,1287,,1702,1462,1696,1584,1615,1683,1258,1533,1655,1326,1300,1354,1840,1248,1676,1192,1414,1259,1408,1612,
2021-07-26,1317,1512,1099,1463,1300,,1688,1449,1692,1582,1613,1683,1245,1537,1653,1337,1295,1324,1829,1248,1668,1199,1414,1268,1408,1629,
2021-08-02,1329,1523,1099,1448,1300,,1702,1449,1707,1572,1623,1690,1279,1534,1655,1330,1302,1355,1844,1259,1677,1200,1414,1267,1416,1648,
2021-08-09,1330,1514,1131,1477,1308,,1702,1447,1713,1587,1621,1692,1281,1536,1657,1334,1304,1355,1843,1257,1681,1200,1434,1268,1419,1639,
2021-08-16,1328,1503,1131,1459,1308,,1702,1447,1714,1585,1623,1690,1273,1540,1656,1338,1299,1355,1841,1256,1677,1203,1424,1277,1417,1631,
2021-08-23,1320,1533,1131,1453,1308,,1675,1456,1712,1577,1603,1686,1276,1546,1652,1332,1290,1355,1830,1251,1657,1185,1409,1266,1415,1594,
2021-08-30,1326,1499,1134,1434,1299,,1702,1450,1697,1569,1616,1682,1265,1541,1650,1325,1288,1353,1840,1255,1659,1181,1406,1255,1414,1642,
2021-09-06,1323,1510,1132,1447,1296,,1715,1450,1698,1568,1624,1682,1295,1538,1655,1325,1302,1353,1845,1268,1672,1197,1417,1248,1421,1649,
2021-09-13,1325,1511,1133,1467,1296,,1715,1450,1723,1585,1629,1695,1296,1546,1662,1331,1312,1372,1850,1274,1675,1207,1419,1262,1428,1649,
2021-09-20,1321,1535,1136,1485,1298,,1716,1454,1720,1589,1636,1702,1302,1546,1670,1338,1316,1372,1859,1264,1673,1220,1420,1282,1436,1638,
2021-09-27,1325,1522,1136,1480,1308,,1713,1469,1717,1587,1633,1703,1277,1534,1676,1361,1325,1372,1856,1269,1670,1213,1429,1293,1437,1650,
2021-10-04,1342,1543,1143,1469,1309,,1766,1488,1738,1604,1667,1711,1311,1570,1686,1387,1344,1398,1862,1279,1695,1232,1429,1284,1448,1710,
2021-10-11,1382,1568,1158,1494,1324,,1779,1527,1756,1633,1702,1739,1339,1594,1713,1405,1375,1426,1935,1276,1710,1257,1449,1288,1466,1745,
2021-10-18,1398,1621,1179,1478,1333,,1806,1548,1762,1656,1730,1753,1361,1648,1733,1458,1406,1460,1959,1286,1724,1276,1475,1319,1483,1766,
2021-10-25,1404,1629,1189,1474,1348,,1819,1574,1807,1648,1735,1765,1358,1648,1745,1487,1427,1477,1966,1285,1723,1277,1498,1342,1497,1786,
2021-11-01,1410,1644,1199,1475,1350,,1833,1570,1815,1659,1742,1773,1406,1696,1749,1495,1399,1477,1978,1294,1733,1282,1499,1356,1505,1804,
2021-11-08,1427,1673,1209,1476,1365,,1874,1573,1917,1662,1752,1774,1401,1714,1750,1508,1442,1502,1992,1302,1737,1276,1498,1365,1510,1798,
2021-11-15,1425,1717,1214,1484,1364,,1834,1579,1874,1665,1741,1764,1299,1730,1746,1531,1466,1526,2019,1284,1718,1251,1499,1363,1512,1753,
2021-11-22,1425,1717,1214,1484,1364,,1834,1579,1874,1665,1741,1764,1299,1730,1746,1531,1466,1526,2019,1284,1718,1251,1499,1363,1512,1753,
2021-11-29,1426,1641,1213,1482,1361,,1820,1540,1857,1652,1714,1763,1300,1722,1742,1529,1468,1468,2007,1287,1699,1244,1500,1357,1509,1726,
2021-12-06,1405,1581,1203,1482,1344,,1726,1547,1818,1633,1663,1740,1313,1719,1732,1496,1456,1364,1979,1308,1659,1217,1486,1343,1488,1663,
2021-12-13,1397,1561,1192,1449,1340,,1777,1527,1775,1632,1671,1740,1271,1700,1725,1478,1448,1422,1975,1294,1661,1215,1473,1302,1479,1669,
2021-12-20,1398,1615,1192,1485,1323,,1764,1512,1794,1634,1659,1737,1293,1699,1722,1461,1458,1440,1963,1241,1664,1218,1465,1286,1476,1671,
2022-01-03,1395,1640,1192,1484,1315,,1804,1602,1875,1629,1718,1747,1293,1677,1723,1458,1446,1475,1976,1246,1693,1253,1457,1318,1479,1757,
2022-01-10,1406,1646,1192,1486,1316,,1804,1545,1862,1682,1718,1747,1331,1678,1733,1472,1450,1475,1979,1260,1701,1266,1462,1329,1489,1757,
2022-01-17,1418,1625,1192,1495,1319,,1816,1584,1857,1706,1732,1778,1338,1678,1754,1488,1453,1475,1985,1262,1705,1285,1479,1342,1502,1760,
2022-01-24,1427,1648,1227,1524,1337,,1843,1586,1892,1724,1743,1778,1329,1729,1778,1503,1463,1497,2002,1273,1736,1307,1499,1350,1520,1753,
2022-01-31,1439,1656,1240,1524,1355,,1857,1616,1888,1746,1772,1824,1342,1739,1796,1525,1472,1527,2010,1282,1758,1319,1517,1370,1538,1801,
2022-02-07,1453,1673,1255,1536,1378,,1869,1636,1906,1765,1789,1850,1357,1743,1819,1543,1490,1527,2028,1151,1783,1360,1517,1379,1558,1818,
2022-02-14,1470,1684,1264,1528,1403,,1897,1648,1929,1781,1806,1865,1343,1769,1835,1559,1497,1553,2048,1168,1801,1364,1538,1382,1575,1819,
2022-02-21,1478,1701,1283,1528,1421,,1911,1664,1937,1792,1804,1884,1341,1761,1849,1582,1509,1576,2055,1191,1813,1377,1558,1406,1591,1816,
2022-02-28,1528,1734,1334,1526,1426,,1951,1687,1963,1813,1873,1913,1297,1819,1868,1601,1551,1595,2099,1242,1832,1394,1565,1427,1608,1880,
2022-03-07,1691,1811,1374,1537,1437,,2072,1776,2095,1888,2067,1944,1220,1919,1953,1688,1661,1658,2236,1312,1917,1482,1574,1446,1679,2038,
2022-03-14,1987,1950,1444,1625,1408,,2072,1930,2229,2082,2259,2110,1283,1879,2184,1880,1772,1733,2336,1461,2028,1611,1639,1503,1844,2033,
2022-03-21,1738,1753,1467,1737,1407,,2046,1834,2130,1973,2144,2040,1281,1839,2137,1824,1731,1687,2288,1405,1927,1612,1700,1552,1813,2042,
2022-03-28,1756,1760,1463,1591,1426,,2127,1869,2144,2004,2126,2067,1282,1839,1870,1819,1724,1754,2331,1411,2027,1595,1701,1502,1818,2072,
2022-04-04,1716,1807,1480,1678,1460,,2087,1843,2150,1832,2056,2059,1299,1859,1792,1810,1697,1733,2112,1420,1989,1564,1758,1503,1813,2032,
2022-04-11,1689,1787,1485,1629,1487,,2020,1785,2166,1792,2026,2046,1268,1826,1765,1787,1683,1701,2085,1384,1948,1561,1734,1503,1790,1991,
2022-04-25,1719,1763,1485,1642,1507,,2087,1834,2174,1790,2029,2074,1282,1819,1766,1778,1672,1685,2088,1399,1975,1556,1698,1503,1817,2019,
2022-05-02,1732,1821,1495,1665,1526,,2181,1894,2159,1802,2059,2107,1267,1819,1778,1805,1704,1744,2112,1422,1878,1547,1721,1503,1837,1993,
2022-05-09,1755,1875,1518,1706,1566,,2208,1894,2218,1865,2093,2171,1252,1839,1808,1840,1745,1790,2153,1454,1915,1586,1776,1560,1878,1964,
2022-05-16,1774,1925,1541,1790,1603,,2221,1956,2257,1892,2131,2205,1243,1859,1823,1860,1802,1806,2179,1538,1952,1611,1777,1632,1897,2078,
2022-05-23,1808,1967,1577,1807,1670,,2315,1995,2370,1972,2154,2267,1257,1939,1873,1918,1856,1827,2225,1585,2016,1630,1800,1560,1940,2088,
2022-05-30,1826,1947,1594,1867,1715,,2410,2011,2368,1962,2193,2277,1240,1989,1885,1944,1908,1888,2250,1634,2055,1645,1827,1560,1968,2168,
2022-06-06,1988,2023,1624,1873,1760,,2544,2112,2499,2101,1999,2356,1263,1989,1940,2038,2029,2017,2368,1728,2171,1678,1852,1560,2048,2303,
2022-06-13,2048,2107,1665,1829,1783,,2490,2119,2558,2130,2007,2408,1230,2169,2014,2100,2062,1996,2369,1714,2170,1726,1912,1560,2117,2229,
2022-06-20,2089,2110,1690,1830,1800,,2435,2169,2545,2128,1974,2424,1226,2169,2063,2103,2065,1943,2356,1702,2121,1731,1913,1560,2141,2160,
2022-06-27,2102,2042,1714,1848,1819,,2435,2147,2523,2086,1929,2400,1216,2169,2073,2096,2048,1897,2336,1664,2101,1733,1914,1606,2128,2181,
2022-07-04,2086,2006,1724,1850,1826,,2382,2169,2409,2082,1900,2392,1223,2159,2065,2043,1984,1878,2306,1634,2084,1726,1946,1772,2112,2103,